{
  "model_name": "hfl/chinese-roberta-wwm-ext",
  "learning_rate": 5e-05,
  "epochs": 3,
  "train_size": 3327,
  "val_size": 832,
  "accuracy": 0.9567307692307693,
  "precision": 0.9569633995037221,
  "recall": 0.9567307692307693,
  "f1": 0.956795607847712,
  "training_time_seconds": 258.0560739040375,
  "train_losses": [
    0.5633,
    0.2329,
    0.2714,
    0.2249,
    0.1504,
    0.1307,
    0.1141,
    0.1051,
    0.0456,
    0.0331,
    0.0342,
    0.0447
  ],
  "eval_losses": [
    0.27163881063461304,
    0.1454155594110489,
    0.19978182017803192,
    0.18018946051597595,
    0.304735004901886,
    0.23850345611572266,
    0.23850345611572266
  ],
  "steps": [
    50,
    100,
    150,
    200,
    250,
    300,
    350,
    400,
    450,
    500,
    550,
    600
  ],
  "confusion_matrix": [
    [
      481,
      21
    ],
    [
      15,
      315
    ]
  ]
}