{
  "model_name": "hfl/chinese-macbert-base",
  "learning_rate": 2e-05,
  "epochs": 3,
  "train_size": 3327,
  "val_size": 832,
  "accuracy": 0.9615384615384616,
  "precision": 0.9615384615384616,
  "recall": 0.9615384615384616,
  "f1": 0.9615384615384616,
  "training_time_seconds": 252.74844813346863,
  "train_losses": [
    0.6413,
    0.3028,
    0.2164,
    0.2323,
    0.1763,
    0.1253,
    0.1135,
    0.1386,
    0.0812,
    0.0556,
    0.0421,
    0.0667
  ],
  "eval_losses": [
    0.20327138900756836,
    0.16934537887573242,
    0.13898113369941711,
    0.14249065518379211,
    0.16989389061927795,
    0.1682126522064209,
    0.14249065518379211
  ],
  "steps": [
    50,
    100,
    150,
    200,
    250,
    300,
    350,
    400,
    450,
    500,
    550,
    600
  ],
  "confusion_matrix": [
    [
      486,
      16
    ],
    [
      16,
      314
    ]
  ]
}