{
  "model_name": "bert-base-chinese",
  "learning_rate": 2e-05,
  "epochs": 3,
  "train_size": 3327,
  "val_size": 832,
  "accuracy": 0.9483173076923077,
  "precision": 0.9493144928680818,
  "recall": 0.9483173076923077,
  "f1": 0.9484996283909327,
  "training_time_seconds": 253.95131850242615,
  "train_losses": [
    0.618,
    0.3674,
    0.2386,
    0.2186,
    0.1832,
    0.1083,
    0.128,
    0.1271,
    0.0723,
    0.0941,
    0.062,
    0.0514
  ],
  "eval_losses": [
    0.21519997715950012,
    0.14955860376358032,
    0.2070617377758026,
    0.17716661095619202,
    0.20721247792243958,
    0.21151050925254822,
    0.14955860376358032
  ],
  "steps": [
    50,
    100,
    150,
    200,
    250,
    300,
    350,
    400,
    450,
    500,
    550,
    600
  ],
  "confusion_matrix": [
    [
      473,
      29
    ],
    [
      14,
      316
    ]
  ]
}