{
  "model_name": "hfl/chinese-roberta-wwm-ext",
  "learning_rate": 2e-05,
  "epochs": 3,
  "train_size": 3327,
  "val_size": 832,
  "accuracy": 0.9507211538461539,
  "precision": 0.9508220790159668,
  "recall": 0.9507211538461539,
  "f1": 0.9507588000235059,
  "training_time_seconds": 251.2335000038147,
  "train_losses": [
    0.6353,
    0.3432,
    0.2236,
    0.1992,
    0.1755,
    0.1015,
    0.0982,
    0.1187,
    0.074,
    0.0554,
    0.0538,
    0.0432
  ],
  "eval_losses": [
    0.19581054151058197,
    0.15289098024368286,
    0.1405009776353836,
    0.1554141342639923,
    0.16844509541988373,
    0.17544756829738617,
    0.15289098024368286
  ],
  "steps": [
    50,
    100,
    150,
    200,
    250,
    300,
    350,
    400,
    450,
    500,
    550,
    600
  ],
  "confusion_matrix": [
    [
      480,
      22
    ],
    [
      19,
      311
    ]
  ]
}