{
  "model_name": "bert-base-chinese",
  "learning_rate": 5e-05,
  "epochs": 3,
  "train_size": 3327,
  "val_size": 832,
  "accuracy": 0.953125,
  "precision": 0.9532223230244272,
  "recall": 0.953125,
  "f1": 0.9531608097784569,
  "training_time_seconds": 253.3820264339447,
  "train_losses": [
    0.5236,
    0.2774,
    0.2756,
    0.2897,
    0.1685,
    0.1445,
    0.1343,
    0.1587,
    0.0801,
    0.0964,
    0.0433,
    0.0399
  ],
  "eval_losses": [
    0.2310827523469925,
    0.17529749870300293,
    0.19536139070987701,
    0.15183815360069275,
    0.18652217090129852,
    0.21141600608825684,
    0.15183815360069275
  ],
  "steps": [
    50,
    100,
    150,
    200,
    250,
    300,
    350,
    400,
    450,
    500,
    550,
    600
  ],
  "confusion_matrix": [
    [
      481,
      21
    ],
    [
      18,
      312
    ]
  ]
}