{
  "model_name": "hfl/chinese-macbert-base",
  "learning_rate": 5e-05,
  "epochs": 3,
  "train_size": 3327,
  "val_size": 832,
  "accuracy": 0.9471153846153846,
  "precision": 0.9473757089684509,
  "recall": 0.9471153846153846,
  "f1": 0.9471946318138703,
  "training_time_seconds": 253.29427790641785,
  "train_losses": [
    0.5811,
    0.2575,
    0.227,
    0.2606,
    0.1681,
    0.1421,
    0.1337,
    0.132,
    0.0871,
    0.0416,
    0.0454,
    0.0488
  ],
  "eval_losses": [
    0.21679258346557617,
    0.16365821659564972,
    0.1854034960269928,
    0.2137679010629654,
    0.20759564638137817,
    0.2036564201116562,
    0.16365821659564972
  ],
  "steps": [
    50,
    100,
    150,
    200,
    250,
    300,
    350,
    400,
    450,
    500,
    550,
    600
  ],
  "confusion_matrix": [
    [
      477,
      25
    ],
    [
      19,
      311
    ]
  ]
}